user_id,email,username,avatar_url,password,password_confirmation
1118,test1@gmail.com,test1@gmail.com,https://pbs.twimg.com/profile_images/634782560032198656/u_ivPxyN.jpg,password,password
1119,test2@gmail.com,test2@gmail.com,https://pbs.twimg.com/profile_images/634782560032198656/u_ivPxyN.jpg,password,password
1120,test3@gmail.com,test3@gmail.com,https://pbs.twimg.com/profile_images/634782560032198656/u_ivPxyN.jpg,password,password
1121,test4@gmail.com,test4@gmail.com,https://pbs.twimg.com/profile_images/634782560032198656/u_ivPxyN.jpg,password,password
1122,test5@gmail.com,test5@gmail.com,https://pbs.twimg.com/profile_images/634782560032198656/u_ivPxyN.jpg,password,password
1123,test6@gmail.com,test6@gmail.com,https://pbs.twimg.com/profile_images/634782560032198656/u_ivPxyN.jpg,password,password
1124,test7@gmail.com,test7@gmail.com,https://pbs.twimg.com/profile_images/634782560032198656/u_ivPxyN.jpg,password,password
1125,test8@gmail.com,test8@gmail.com,https://pbs.twimg.com/profile_images/634782560032198656/u_ivPxyN.jpg,password,password
1126,test9@gmail.com,test9@gmail.com,https://pbs.twimg.com/profile_images/634782560032198656/u_ivPxyN.jpg,password,password
1127,test10@gmail.com,test10@gmail.com,https://pbs.twimg.com/profile_images/634782560032198656/u_ivPxyN.jpg,password,password
1128,test11@gmail.com,test11@gmail.com,https://pbs.twimg.com/profile_images/634782560032198656/u_ivPxyN.jpg,password,password
1129,test12@gmail.com,test12@gmail.com,https://pbs.twimg.com/profile_images/634782560032198656/u_ivPxyN.jpg,password,password
1130,test13@gmail.com,test13@gmail.com,https://pbs.twimg.com/profile_images/634782560032198656/u_ivPxyN.jpg,password,password
1131,test14@gmail.com,test14@gmail.com,https://pbs.twimg.com/profile_images/634782560032198656/u_ivPxyN.jpg,password,password
1132,test15@gmail.com,test15@gmail.com,https://pbs.twimg.com/profile_images/634782560032198656/u_ivPxyN.jpg,password,password
1133,test16@gmail.com,test16@gmail.com,https://pbs.twimg.com/profile_images/634782560032198656/u_ivPxyN.jpg,password,password
1134,test17@gmail.com,test17@gmail.com,https://pbs.twimg.com/profile_images/634782560032198656/u_ivPxyN.jpg,password,password
1135,test18@gmail.com,test18@gmail.com,https://pbs.twimg.com/profile_images/634782560032198656/u_ivPxyN.jpg,password,password
1136,test19@gmail.com,test19@gmail.com,https://pbs.twimg.com/profile_images/634782560032198656/u_ivPxyN.jpg,password,password
1137,test20@gmail.com,test20@gmail.com,https://pbs.twimg.com/profile_images/634782560032198656/u_ivPxyN.jpg,password,password
1138,test21@gmail.com,test21@gmail.com,https://pbs.twimg.com/profile_images/634782560032198656/u_ivPxyN.jpg,password,password
1139,test22@gmail.com,test22@gmail.com,https://pbs.twimg.com/profile_images/634782560032198656/u_ivPxyN.jpg,password,password
1140,test23@gmail.com,test23@gmail.com,https://pbs.twimg.com/profile_images/634782560032198656/u_ivPxyN.jpg,password,password
1141,test24@gmail.com,test24@gmail.com,https://pbs.twimg.com/profile_images/634782560032198656/u_ivPxyN.jpg,password,password
1142,test25@gmail.com,test25@gmail.com,https://pbs.twimg.com/profile_images/634782560032198656/u_ivPxyN.jpg,password,password
1143,test26@gmail.com,test26@gmail.com,https://pbs.twimg.com/profile_images/634782560032198656/u_ivPxyN.jpg,password,password
1144,test27@gmail.com,test27@gmail.com,https://pbs.twimg.com/profile_images/634782560032198656/u_ivPxyN.jpg,password,password
1145,test28@gmail.com,test28@gmail.com,https://pbs.twimg.com/profile_images/634782560032198656/u_ivPxyN.jpg,password,password
1146,test29@gmail.com,test29@gmail.com,https://pbs.twimg.com/profile_images/634782560032198656/u_ivPxyN.jpg,password,password
1147,test30@gmail.com,test30@gmail.com,https://pbs.twimg.com/profile_images/634782560032198656/u_ivPxyN.jpg,password,password
1148,test31@gmail.com,test31@gmail.com,https://pbs.twimg.com/profile_images/634782560032198656/u_ivPxyN.jpg,password,password
1149,test32@gmail.com,test32@gmail.com,https://pbs.twimg.com/profile_images/634782560032198656/u_ivPxyN.jpg,password,password
1150,test33@gmail.com,test33@gmail.com,https://pbs.twimg.com/profile_images/634782560032198656/u_ivPxyN.jpg,password,password
1151,test34@gmail.com,test34@gmail.com,https://pbs.twimg.com/profile_images/634782560032198656/u_ivPxyN.jpg,password,password
1152,test35@gmail.com,test35@gmail.com,https://pbs.twimg.com/profile_images/634782560032198656/u_ivPxyN.jpg,password,password
1153,test36@gmail.com,test36@gmail.com,https://pbs.twimg.com/profile_images/634782560032198656/u_ivPxyN.jpg,password,password
1154,test37@gmail.com,test37@gmail.com,https://pbs.twimg.com/profile_images/634782560032198656/u_ivPxyN.jpg,password,password
1155,test38@gmail.com,test38@gmail.com,https://pbs.twimg.com/profile_images/634782560032198656/u_ivPxyN.jpg,password,password
1156,test39@gmail.com,test39@gmail.com,https://pbs.twimg.com/profile_images/634782560032198656/u_ivPxyN.jpg,password,password
1157,test40@gmail.com,test40@gmail.com,https://pbs.twimg.com/profile_images/634782560032198656/u_ivPxyN.jpg,password,password
1158,test41@gmail.com,test41@gmail.com,https://pbs.twimg.com/profile_images/634782560032198656/u_ivPxyN.jpg,password,password
1159,test42@gmail.com,test42@gmail.com,https://pbs.twimg.com/profile_images/634782560032198656/u_ivPxyN.jpg,password,password
1160,test43@gmail.com,test43@gmail.com,https://pbs.twimg.com/profile_images/634782560032198656/u_ivPxyN.jpg,password,password
1161,test44@gmail.com,test44@gmail.com,https://pbs.twimg.com/profile_images/634782560032198656/u_ivPxyN.jpg,password,password
1162,test45@gmail.com,test45@gmail.com,https://pbs.twimg.com/profile_images/634782560032198656/u_ivPxyN.jpg,password,password
1163,test46@gmail.com,test46@gmail.com,https://pbs.twimg.com/profile_images/634782560032198656/u_ivPxyN.jpg,password,password
1164,test47@gmail.com,test47@gmail.com,https://pbs.twimg.com/profile_images/634782560032198656/u_ivPxyN.jpg,password,password
1165,test48@gmail.com,test48@gmail.com,https://pbs.twimg.com/profile_images/634782560032198656/u_ivPxyN.jpg,password,password
1166,test49@gmail.com,test49@gmail.com,https://pbs.twimg.com/profile_images/634782560032198656/u_ivPxyN.jpg,password,password
1167,test50@gmail.com,test50@gmail.com,https://pbs.twimg.com/profile_images/634782560032198656/u_ivPxyN.jpg,password,password
1168,test51@gmail.com,test51@gmail.com,https://pbs.twimg.com/profile_images/634782560032198656/u_ivPxyN.jpg,password,password
1169,test52@gmail.com,test52@gmail.com,https://pbs.twimg.com/profile_images/634782560032198656/u_ivPxyN.jpg,password,password
1170,test53@gmail.com,test53@gmail.com,https://pbs.twimg.com/profile_images/634782560032198656/u_ivPxyN.jpg,password,password
1171,test54@gmail.com,test54@gmail.com,https://pbs.twimg.com/profile_images/634782560032198656/u_ivPxyN.jpg,password,password
1172,test55@gmail.com,test55@gmail.com,https://pbs.twimg.com/profile_images/634782560032198656/u_ivPxyN.jpg,password,password
1173,test56@gmail.com,test56@gmail.com,https://pbs.twimg.com/profile_images/634782560032198656/u_ivPxyN.jpg,password,password
1174,test57@gmail.com,test57@gmail.com,https://pbs.twimg.com/profile_images/634782560032198656/u_ivPxyN.jpg,password,password
1175,test58@gmail.com,test58@gmail.com,https://pbs.twimg.com/profile_images/634782560032198656/u_ivPxyN.jpg,password,password
1176,test59@gmail.com,test59@gmail.com,https://pbs.twimg.com/profile_images/634782560032198656/u_ivPxyN.jpg,password,password
1177,test60@gmail.com,test60@gmail.com,https://pbs.twimg.com/profile_images/634782560032198656/u_ivPxyN.jpg,password,password
1178,test61@gmail.com,test61@gmail.com,https://pbs.twimg.com/profile_images/634782560032198656/u_ivPxyN.jpg,password,password
1179,test62@gmail.com,test62@gmail.com,https://pbs.twimg.com/profile_images/634782560032198656/u_ivPxyN.jpg,password,password
1180,test63@gmail.com,test63@gmail.com,https://pbs.twimg.com/profile_images/634782560032198656/u_ivPxyN.jpg,password,password
1181,test64@gmail.com,test64@gmail.com,https://pbs.twimg.com/profile_images/634782560032198656/u_ivPxyN.jpg,password,password
1182,test65@gmail.com,test65@gmail.com,https://pbs.twimg.com/profile_images/634782560032198656/u_ivPxyN.jpg,password,password
1183,test66@gmail.com,test66@gmail.com,https://pbs.twimg.com/profile_images/634782560032198656/u_ivPxyN.jpg,password,password
1184,test67@gmail.com,test67@gmail.com,https://pbs.twimg.com/profile_images/634782560032198656/u_ivPxyN.jpg,password,password
1185,test68@gmail.com,test68@gmail.com,https://pbs.twimg.com/profile_images/634782560032198656/u_ivPxyN.jpg,password,password
1186,test69@gmail.com,test69@gmail.com,https://pbs.twimg.com/profile_images/634782560032198656/u_ivPxyN.jpg,password,password
1187,test70@gmail.com,test70@gmail.com,https://pbs.twimg.com/profile_images/634782560032198656/u_ivPxyN.jpg,password,password
1188,test71@gmail.com,test71@gmail.com,https://pbs.twimg.com/profile_images/634782560032198656/u_ivPxyN.jpg,password,password
1189,test72@gmail.com,test72@gmail.com,https://pbs.twimg.com/profile_images/634782560032198656/u_ivPxyN.jpg,password,password
1190,test73@gmail.com,test73@gmail.com,https://pbs.twimg.com/profile_images/634782560032198656/u_ivPxyN.jpg,password,password
1191,test74@gmail.com,test74@gmail.com,https://pbs.twimg.com/profile_images/634782560032198656/u_ivPxyN.jpg,password,password
1192,test75@gmail.com,test75@gmail.com,https://pbs.twimg.com/profile_images/634782560032198656/u_ivPxyN.jpg,password,password
1193,test76@gmail.com,test76@gmail.com,https://pbs.twimg.com/profile_images/634782560032198656/u_ivPxyN.jpg,password,password
1194,test77@gmail.com,test77@gmail.com,https://pbs.twimg.com/profile_images/634782560032198656/u_ivPxyN.jpg,password,password
1195,test78@gmail.com,test78@gmail.com,https://pbs.twimg.com/profile_images/634782560032198656/u_ivPxyN.jpg,password,password
1196,test79@gmail.com,test79@gmail.com,https://pbs.twimg.com/profile_images/634782560032198656/u_ivPxyN.jpg,password,password
1197,test80@gmail.com,test80@gmail.com,https://pbs.twimg.com/profile_images/634782560032198656/u_ivPxyN.jpg,password,password
1198,test81@gmail.com,test81@gmail.com,https://pbs.twimg.com/profile_images/634782560032198656/u_ivPxyN.jpg,password,password
1199,test82@gmail.com,test82@gmail.com,https://pbs.twimg.com/profile_images/634782560032198656/u_ivPxyN.jpg,password,password
1200,test83@gmail.com,test83@gmail.com,https://pbs.twimg.com/profile_images/634782560032198656/u_ivPxyN.jpg,password,password
1201,test84@gmail.com,test84@gmail.com,https://pbs.twimg.com/profile_images/634782560032198656/u_ivPxyN.jpg,password,password
1202,test85@gmail.com,test85@gmail.com,https://pbs.twimg.com/profile_images/634782560032198656/u_ivPxyN.jpg,password,password
1203,test86@gmail.com,test86@gmail.com,https://pbs.twimg.com/profile_images/634782560032198656/u_ivPxyN.jpg,password,password
1204,test87@gmail.com,test87@gmail.com,https://pbs.twimg.com/profile_images/634782560032198656/u_ivPxyN.jpg,password,password
1205,test88@gmail.com,test88@gmail.com,https://pbs.twimg.com/profile_images/634782560032198656/u_ivPxyN.jpg,password,password
1206,test89@gmail.com,test89@gmail.com,https://pbs.twimg.com/profile_images/634782560032198656/u_ivPxyN.jpg,password,password
1207,test90@gmail.com,test90@gmail.com,https://pbs.twimg.com/profile_images/634782560032198656/u_ivPxyN.jpg,password,password
1208,test91@gmail.com,test91@gmail.com,https://pbs.twimg.com/profile_images/634782560032198656/u_ivPxyN.jpg,password,password
1209,test92@gmail.com,test92@gmail.com,https://pbs.twimg.com/profile_images/634782560032198656/u_ivPxyN.jpg,password,password
1210,test93@gmail.com,test93@gmail.com,https://pbs.twimg.com/profile_images/634782560032198656/u_ivPxyN.jpg,password,password
1211,test94@gmail.com,test94@gmail.com,https://pbs.twimg.com/profile_images/634782560032198656/u_ivPxyN.jpg,password,password
1212,test95@gmail.com,test95@gmail.com,https://pbs.twimg.com/profile_images/634782560032198656/u_ivPxyN.jpg,password,password
1213,test96@gmail.com,test96@gmail.com,https://pbs.twimg.com/profile_images/634782560032198656/u_ivPxyN.jpg,password,password
1214,test97@gmail.com,test97@gmail.com,https://pbs.twimg.com/profile_images/634782560032198656/u_ivPxyN.jpg,password,password
1215,test98@gmail.com,test98@gmail.com,https://pbs.twimg.com/profile_images/634782560032198656/u_ivPxyN.jpg,password,password
1216,test99@gmail.com,test99@gmail.com,https://pbs.twimg.com/profile_images/634782560032198656/u_ivPxyN.jpg,password,password